1|Ap #205-9487 Non, Road|S2H 6D7|914-573-4192|729-831-9942|Maecenas.libero@metusVivamus.org|libero@Nullasempertellus.org||
2|370 Molestie Ave|Q4N 8I7|557-398-2935|359-700-2889|ac.mattis@nuncrisusvarius.org|elit.Etiam@Mauris.edu||
3|Ap #664-1061 Et, Av.|N4O 8X8|485-597-3767|341-899-0109|a.magna.Lorem@diamPellentesque.com|sed@adipiscingfringillaporttitor.com||
4|P.O. Box 417, 8378 Velit Road|C2X 8Y1|310-210-3292|943-447-3411|risus.Morbi.metus@duiaugue.com|nunc.In@enimdiam.ca||
5|5408 Sagittis Ave|A5E 3M4|398-646-0871|617-363-0088|felis.purus@magnaaneque.com|erat.eget.tincidunt@laoreetposuere.edu||
6|8407 Aliquam Street|K5X 3F0|838-191-1999|546-584-1342|Etiam.bibendum@Aliquam.org|nec.ante@eratvolutpat.ca||
7|P.O. Box 381, 8034 Nibh Ave|M9C 5X5|951-702-1454|176-643-0325|vestibulum@iaculislacuspede.org|placerat.eget@eleifendegestas.org||
8|415-5292 Curae; Ave|Q6R 2D7|983-414-7307|886-424-0002|eu.odio.tristique@velitPellentesque.org|auctor@Sed.edu||
9|4469 Nunc Road|B8Q 5X4|370-604-6059|985-348-2723|dui.Suspendisse.ac@nec.org|sagittis.semper@erat.edu||
10|7374 Penatibus St.|V2I 8T2|868-117-2806|779-932-0600|Aenean@tinciduntvehicularisus.ca|ornare.Fusce.mollis@id.ca||
11|Ap #325-4054 Varius. Road|Y7Q 9H3|712-143-7439|620-492-4528|lacus.varius.et@eget.org|Lorem@eget.com||
12|873-7876 Non Ave|E5K 6M9|853-877-3052|965-665-8684|penatibus.et@estcongue.edu|bibendum.fermentum@Fuscealiquet.edu||
13|Ap #990-7136 Metus. Avenue|T1M 4I4|199-748-3337|769-925-5272|egestas@risus.ca|Fusce.diam.nunc@magnis.com||
14|P.O. Box 740, 292 Pharetra. Street|P4B 9D7|606-862-0342|761-661-8936|in@velit.com|ultrices.posuere.cubilia@atpede.ca||
15|6796 Orci Road|P8I 9I6|707-368-1627|981-419-0589|eu.dolor@mollisDuissit.com|dolor.Donec@Sedauctorodio.com||
16|268-4970 Quis St.|B7V 3M8|251-452-8314|606-157-9023|ante@nislNulla.ca|Vivamus.molestie@dolordapibusgravida.ca||
17|734-4803 Enim. St.|Y4J 2U0|241-720-7439|296-150-8483|gravida.nunc@Nunc.com|aliquet.Proin.velit@dolorDonecfringilla.edu||
18|Ap #840-944 Arcu Street|W8J 3V5|256-754-1487|788-182-7935|id@faucibus.ca|hymenaeos@nulla.edu||
19|Ap #541-3923 Ut Rd.|Z6P 8J3|714-532-5778|802-725-9667|dictum.placerat@posuere.com|volutpat@eratEtiamvestibulum.org||
20|7499 Cum Ave|G9U 1R6|879-594-4612|135-777-0777|elementum@utaliquam.org|mattis.Integer.eu@ultriciesadipiscing.com||
21|P.O. Box 196, 2838 Maecenas Ave|P7X 7A9|157-827-6057|515-293-7888|arcu.Vivamus@ProinultricesDuis.com|lacinia.at@ornare.org||
22|P.O. Box 882, 2707 Purus. Road|Q9N 2Q0|322-359-1487|586-832-0692|Vivamus@et.org|Phasellus.ornare.Fusce@ac.ca||
23|P.O. Box 467, 5687 Vel, Street|J7C 2M6|905-435-0281|494-176-1753|eu.dui.Cum@nondapibusrutrum.com|per@nostraper.org||
24|5805 Et Street|E2S 4A8|802-879-9452|510-941-2839|libero.Donec.consectetuer@arcuSedeu.com|consectetuer.euismod.est@Mauriseuturpis.org||
25|Ap #168-326 Mi St.|B9Z 6H4|734-246-0760|445-742-6804|mauris@Nullamut.com|tristique.senectus@sapien.com||
26|Ap #154-731 Magnis Av.|T2V 4F2|879-305-1002|853-113-2279|quam@eget.com|vitae.erat.Vivamus@est.org||
27|483-3552 Rutrum St.|A5L 1T2|603-846-0152|554-938-1436|cubilia.Curae;@habitant.edu|erat@ipsumleo.edu||
28|P.O. Box 273, 5957 Tristique Av.|V7S 4X2|131-422-8693|491-505-0268|purus@facilisis.com|ac.arcu.Nunc@consectetuer.edu||
29|Ap #547-7393 Placerat Road|T6K 7Y7|611-762-9309|215-608-8402|in.lobortis.tellus@Proinvelnisl.com|non.cursus@estmaurisrhoncus.edu||
30|P.O. Box 737, 5088 Parturient Av.|Y4E 1J3|290-378-6704|470-721-5410|molestie@nequepellentesquemassa.edu|ante.Vivamus.non@orci.org||
31|730-1977 Blandit Avenue|O8X 6J2|430-745-1662|949-111-2869|tincidunt.pede.ac@nequetellus.edu|scelerisque@malesuada.edu||
32|Ap #468-110 Nulla. Street|Z1Q 6K5|135-348-0078|248-367-4497|Fusce.mi.lorem@libero.org|Quisque@elementum.com||
33|Ap #321-1621 Pretium Avenue|B3G 8D3|306-870-3681|209-728-8005|sed.consequat.auctor@diamdictumsapien.ca|varius.Nam.porttitor@cubilia.org||
34|Ap #240-8389 Egestas Avenue|G2Y 1I1|228-406-4123|915-809-9744|libero.Proin.mi@sedturpis.edu|blandit.congue.In@nulla.edu||
35|168-3569 Vel St.|T7N 1D4|262-251-8956|911-298-3796|Pellentesque.tincidunt.tempus@semutcursus.org|sit.amet@risus.edu||
36|Ap #887-8103 Dolor Rd.|A7G 6I2|744-637-4342|613-352-4030|amet.consectetuer.adipiscing@sedturpisnec.com|id@orciquis.org||
37|P.O. Box 212, 9437 In Street|X4T 3P3|496-920-0518|513-816-3710|mollis@ullamcorper.org|Maecenas@Quisqueac.ca||
38|4416 Vitae Ave|D5U 7S6|380-106-3883|804-975-2182|pretium.aliquet.metus@Mauris.com|mattis@urna.org||
39|Ap #807-2663 Adipiscing Street|K6K 3Y2|341-194-2861|585-815-9117|ac.orci@Vivamusrhoncus.com|Duis.ac.arcu@Maurisvelturpis.edu||
40|Ap #259-5900 Interdum Rd.|Q8L 3Z9|257-406-5240|997-399-9129|tempor.erat@Sed.com|convallis.dolor.Quisque@Aeneanegetmetus.edu||
41|Ap #549-6634 Mollis Street|E3X 6G8|590-590-5101|114-584-3941|et@mattisornare.org|at.sem.molestie@Nullaaliquet.com||
42|579-4024 Luctus Avenue|P9N 6D5|759-692-5448|507-289-8232|tempus@facilisismagnatellus.edu|Integer.id@eueuismod.org||
43|164-2846 Proin Ave|J8S 8S2|854-742-9852|638-763-2603|sodales@orciquis.org|magna.sed.dui@eudui.edu||
44|Ap #102-2524 Duis Rd.|G3Z 8L5|122-865-4697|133-628-9805|Donec.tincidunt@Crasdolor.ca|tincidunt.nibh.Phasellus@quislectusNullam.com||
45|Ap #762-4934 Sagittis Ave|H9W 2S9|605-885-7911|667-546-4099|euismod.enim.Etiam@tincidunttempus.org|tempus.eu.ligula@mollisnec.ca||
46|944 Nisi. Ave|V6I 7T4|441-998-3072|839-108-3602|odio@non.com|eros@mauriserateget.org||
47|P.O. Box 390, 687 Nam St.|D4B 9S8|269-352-8559|462-760-4475|dui.in@laciniaatiaculis.ca|morbi@nuncacmattis.ca||
48|763-3937 Eget St.|A3O 5G8|246-950-3259|145-846-7344|quam.Pellentesque@lorem.ca|Nam@adipiscingelit.com||
49|8948 Morbi Avenue|J9G 6M1|687-533-2677|269-141-1895|nec@elitAliquam.ca|nisi.sem.semper@Integer.com||
50|112-5451 Molestie St.|J8G 2N4|744-266-9620|660-539-6739|amet.nulla.Donec@montesnasceturridiculus.edu|Sed@faucibuslectus.org||
51|P.O. Box 436, 2923 Risus. St.|B3J 3I9|934-330-0698|391-512-9698|nec.euismod.in@purus.org|In@mauris.org||
52|5115 Rutrum. Road|I6U 1P6|348-861-7205|107-170-3759|adipiscing.elit.Curabitur@adipiscingligulaAenean.org|tortor@fermentumfermentum.org||
53|P.O. Box 107, 3137 Malesuada Rd.|D1Z 2P0|230-843-6934|917-747-2624|in@antelectus.ca|sed.dolor@Donecatarcu.edu||
54|988-7593 Dolor Av.|J4W 7W8|865-338-9520|875-720-5015|eu.tellus.Phasellus@eudui.org|augue.scelerisque.mollis@nibhvulputate.ca||
55|Ap #801-6814 Fermentum Road|P6N 8R2|619-825-8307|953-544-8931|velit.justo@Etiamvestibulummassa.ca|bibendum.ullamcorper@odiotristique.com||
56|711-7311 Ullamcorper, Avenue|G6B 3H0|865-304-2455|445-391-6243|ante@et.org|risus@mattisCras.org||
57|313-6815 Aliquet Road|R9W 2L2|604-520-7649|647-362-9296|nunc.sed@nuncsedpede.ca|Nulla.facilisi@nisinibh.org||
58|Ap #422-8591 Accumsan Street|L6P 8O2|334-953-2498|881-634-2001|dui.nec@Nullatempor.org|varius.ultrices.mauris@lacus.com||
59|Ap #936-1347 Tortor St.|H4T 3F5|131-484-3856|608-307-5800|nonummy@vitaealiquameros.edu|luctus@sitametorci.org||
60|P.O. Box 560, 8856 Aliquet Rd.|X3T 5Y3|686-652-4625|516-531-3886|Morbi.neque@Nunc.ca|Sed@justosit.com||
61|730-7842 Erat St.|X3N 2U9|344-768-5559|572-487-0420|dapibus.rutrum@variusNamporttitor.com|viverra.Donec@venenatisamagna.com||
62|4141 Quisque St.|O3H 1T2|644-921-9740|397-734-3228|non@convalliserateget.edu|et@ligula.org||
63|P.O. Box 922, 8918 Donec Avenue|C8Z 5W2|469-803-0313|699-627-9533|ligula.Nullam@neque.org|sapien.molestie@nullaIntegervulputate.edu||
64|9575 Proin Street|X3F 3M5|834-552-3157|790-264-4235|Aenean@tempuseu.ca|gravida@egestasnuncsed.ca||
65|898-8651 Accumsan Road|C3B 6A7|608-252-4887|529-354-2147|Donec.luctus@dapibusligula.org|massa.non.ante@Vivamuseuismodurna.org||
66|Ap #445-1619 Ac Avenue|R6D 5K6|839-482-4290|163-739-4669|nec.tellus@venenatis.org|sed.est.Nunc@Curabituregestasnunc.ca||
67|P.O. Box 404, 7415 Velit. Road|P3F 6G2|269-563-2228|556-150-7181|Quisque.purus@posuerecubilia.ca|sed@eu.org||
68|386-3964 Justo Av.|R6F 9L7|508-216-2977|919-924-1815|urna.nec.luctus@necorciDonec.com|Donec.est@Utsagittislobortis.edu||
69|P.O. Box 359, 1343 Curabitur St.|X4H 6D2|702-954-8695|286-633-3847|viverra.Donec.tempus@Lorem.ca|Vivamus.molestie.dapibus@tempor.com||
70|Ap #843-3178 Hendrerit. Road|G2V 2Q0|126-459-2071|781-775-9305|dui.augue.eu@Loremipsum.org|magna.Sed@eliterat.ca||
71|P.O. Box 293, 2751 Magna Av.|F6Q 9S3|789-549-8445|185-846-4249|enim@vitae.edu|consectetuer.ipsum@liberonecligula.org||
72|Ap #131-6645 Erat St.|Z5L 5C5|463-837-0771|394-333-0690|dis.parturient.montes@orci.com|vestibulum@hendreritDonecporttitor.edu||
73|Ap #885-7000 Molestie Avenue|R7V 4V0|423-763-3641|255-655-5160|tristique@loremtristiquealiquet.com|sagittis.felis@Quisque.com||
74|Ap #681-800 Ornare Road|A4V 4N9|905-561-6217|615-170-3735|amet@est.edu|magna@Donecdignissimmagna.edu||
75|P.O. Box 514, 1443 Vulputate, Rd.|P8C 8O7|907-600-3464|395-411-3832|nisl.Quisque@quislectusNullam.com|massa@nonnisi.ca||
76|P.O. Box 934, 6097 Purus. Avenue|Z9O 6J8|592-716-5480|956-480-8999|vitae.orci.Phasellus@molestiearcuSed.edu|ante.lectus.convallis@vulputatemaurissagittis.ca||
77|9445 Nascetur St.|X6J 4L3|409-780-4704|703-322-6075|volutpat.Nulla.facilisis@id.org|Mauris@ante.org||
78|Ap #426-6310 Quisque Avenue|J2H 4P9|492-729-7044|970-692-5499|urna.convallis@mollis.edu|dictum.cursus.Nunc@quamquis.ca||
79|Ap #656-1923 Lectus, Rd.|N9Z 9J8|644-560-0694|335-406-8042|fermentum.fermentum@blanditcongueIn.edu|sed.pede@Aliquam.edu||
80|550-4804 Diam. Avenue|N5T 5Z9|853-821-8644|921-168-2883|torquent.per.conubia@enimsitamet.com|nunc.In@Duis.ca||
81|534-5090 Enim. Ave|R4F 1V1|402-984-8686|969-307-4955|nunc.sit@risus.com|sagittis.felis.Donec@liberoet.com||
82|889-774 Lectus. St.|J9W 2O8|851-926-8814|715-180-6633|pede.nec.ante@purus.ca|Proin.dolor@Loremipsumdolor.com||
83|7444 Vestibulum Rd.|D4K 9N8|763-753-4267|130-816-6839|quam.elementum@nonummyutmolestie.org|id.magna.et@Aliquam.edu||
84|Ap #234-3131 Eu Rd.|M7N 2O5|553-619-5590|672-257-2480|facilisis.facilisis.magna@Mauris.ca|dolor.quam@pedeCras.org||
85|P.O. Box 371, 9612 Mattis Street|H5W 3N4|976-558-9489|102-972-3582|arcu.imperdiet.ullamcorper@amagna.com|amet.ornare.lectus@fames.ca||
86|Ap #351-5272 Id, Avenue|D5O 1L5|164-797-2800|858-241-3509|ac.facilisis@rutrum.org|nascetur.ridiculus@massa.ca||
87|Ap #404-2182 Duis Rd.|D5N 2O3|745-269-7692|212-957-2071|justo.faucibus@ultriciessem.edu|ipsum.leo@interdumfeugiat.org||
88|P.O. Box 539, 7277 Posuere Rd.|K4J 3Q5|585-167-0395|732-893-3703|sem@tellusimperdietnon.ca|sem@maurissagittis.edu||
89|4470 Mattis St.|N2F 9D7|649-543-8141|460-462-8078|laoreet.libero.et@liberoIntegerin.ca|dolor@lacus.ca||
90|P.O. Box 888, 3441 Quisque Av.|G2X 7K3|437-165-1340|225-151-1890|turpis.non.enim@adipiscingelitCurabitur.ca|lobortis@ametmetusAliquam.org||
91|8376 Ultrices Street|P4L 9X5|110-271-3504|223-215-3849|mus.Donec.dignissim@egetvenenatisa.edu|turpis.Aliquam@mattissemper.edu||
92|P.O. Box 110, 7552 Mi. Rd.|F1M 3N6|598-642-5924|612-674-0259|interdum.feugiat.Sed@elit.org|penatibus@amet.edu||
93|P.O. Box 722, 7324 Sagittis St.|Y3M 2S0|496-146-3961|767-584-6364|at.arcu@gravida.com|Phasellus@tempusrisusDonec.edu||
94|P.O. Box 514, 7522 Pellentesque Rd.|D1O 8G2|497-343-6080|702-116-8386|nunc@dolor.org|amet@elit.edu||
95|P.O. Box 171, 7175 Vitae, Road|L4O 3M3|373-431-7278|286-704-7060|turpis.In@Aenean.edu|hendrerit.consectetuer@Vestibulumaccumsanneque.edu||
96|4509 Amet St.|E6K 4K2|528-333-9490|962-298-7777|Lorem.ipsum.dolor@diamluctus.org|egestas.blandit.Nam@aliquam.edu||
97|Ap #230-8696 Non Rd.|M8G 5Y1|212-109-7875|828-597-5098|Cras.eu.tellus@erosnonenim.com|laoreet.lectus@Morbiaccumsan.com||
98|Ap #107-892 Congue St.|A8N 7L3|128-193-1928|413-758-2419|vitae.erat@acfacilisisfacilisis.com|faucibus.ut.nulla@velquamdignissim.ca||
99|P.O. Box 231, 8015 Morbi Ave|O9B 7S4|901-593-9025|821-215-0843|eu.enim@augueporttitor.org|ullamcorper@dictumeuplacerat.edu||
100|P.O. Box 377, 1706 In, Ave|Q2D 9Q9|271-332-1758|302-106-8870|sem.semper@arcuac.ca|ac.turpis.egestas@tincidunt.org||
101|289-2991 Neque. Avenue|L5H 9I6|166-225-0055|992-881-0760|Aliquam.erat.volutpat@egestas.com|parturient.montes.nascetur@inaliquetlobortis.ca||
102|155-8877 Integer Ave|P9T 2L6|175-985-6464|394-769-5388|Morbi@fermentumvelmauris.edu|scelerisque.neque@egetmagnaSuspendisse.com||
103|P.O. Box 939, 6058 Augue Ave|M3I 1R6|114-619-9980|379-328-0913|tempor.augue@molestie.edu|tortor.nibh.sit@consequatlectus.edu||
104|548-5389 Fames Avenue|L5K 3N6|948-338-1427|769-744-1362|vulputate@sedconsequatauctor.com|sit@aliquetProinvelit.ca||
105|P.O. Box 337, 6470 Maecenas Road|D8B 4P7|155-406-7689|666-979-7161|ante.Maecenas@Nullatempor.org|aliquam.adipiscing@Suspendissedui.org||
106|P.O. Box 880, 3949 Morbi Avenue|N2X 4B5|175-872-9335|377-837-4237|ac@duiCum.org|feugiat@Proinnon.ca||
107|Ap #684-4557 Leo Rd.|X4R 3X0|168-432-7609|276-883-5426|pede@suscipit.edu|Ut@Fuscemilorem.ca||
108|Ap #703-281 Pharetra, Rd.|Y7N 1S6|735-660-0972|708-828-6774|pharetra.Quisque@quam.edu|Donec@Innecorci.ca||
109|P.O. Box 998, 3951 Bibendum. Av.|B5S 8S4|852-149-8131|555-766-5749|nisi.Cum@lacusvariuset.com|Integer@at.edu||
110|Ap #731-7127 Bibendum. Rd.|P5G 9S7|525-280-8293|792-196-0775|lorem.auctor@sit.com|bibendum.fermentum.metus@Donecelementumlorem.com||
111|Ap #985-5016 Odio Road|A4Q 1S3|994-955-7201|622-119-7921|lorem@imperdiet.edu|sem@nonummyFuscefermentum.ca||
112|6365 In St.|I2W 6E9|242-351-0541|823-655-7376|dolor.sit@semNulla.edu|vel.arcu.eu@lectuspedeultrices.org||
113|2526 In, Rd.|O4U 1X9|913-669-3079|673-880-1836|Quisque.ornare.tortor@egestasa.org|scelerisque@Pellentesquetincidunt.com||
114|Ap #851-7589 Lobortis St.|T1G 5B8|246-157-8936|806-521-0445|dolor.Quisque.tincidunt@consequatenim.com|dictum@rutrumnon.org||
115|P.O. Box 117, 7679 Dignissim. Ave|U6M 2F3|288-408-8435|579-785-2416|at@anteMaecenasmi.org|dis.parturient@mauris.org||
116|Ap #403-2152 Purus Av.|F1C 6Q6|363-216-5237|406-251-3188|rutrum.urna.nec@eu.edu|augue.Sed@vitae.ca||
117|Ap #265-4354 Duis Street|W9X 3S3|335-858-9469|980-123-1229|condimentum.Donec@diam.com|fringilla@ut.org||
118|1407 Libero. Rd.|N9H 9R1|852-885-0080|652-592-4150|egestas.a.dui@diam.com|mi.felis@maurissagittisplacerat.org||
119|P.O. Box 238, 2785 Euismod Road|T4A 6K5|161-195-2560|679-139-7856|vestibulum@velnislQuisque.org|amet.metus@sagittisDuis.com||
120|3298 Fermentum Street|Y8M 5N4|124-253-9486|755-211-0823|non@dignissimMaecenas.ca|Class@primis.ca||
121|P.O. Box 333, 299 Pellentesque, Av.|Q1B 5R7|129-330-1641|275-908-2750|Praesent.eu@consectetuer.com|iaculis.quis.pede@in.com||
122|Ap #162-8370 Nibh. Rd.|D9M 6C6|466-448-2098|724-910-3644|Integer@Phasellusdapibus.ca|Curabitur.sed@augue.edu||
123|5529 Suspendisse Rd.|G4F 3I0|154-175-3497|691-777-7098|sed@nonmagna.org|eget.laoreet.posuere@risusInmi.com||
124|2504 Lorem Street|S8O 2U2|874-552-2621|677-236-1085|vitae.orci.Phasellus@turpisegestas.com|a@sitametmassa.org||
125|604-6362 Dictum. St.|U9O 1Z1|873-135-1119|350-579-3064|mauris@pellentesque.edu|et.magnis.dis@facilisisSuspendisse.org||
126|209-7827 Vitae Ave|S9Y 8Y1|407-290-2553|661-648-1359|dictum@ipsum.org|aliquet.Phasellus.fermentum@ligulaeu.org||
127|Ap #575-1809 In St.|Q4H 2T9|895-477-7277|275-953-5103|in@adipiscingMaurismolestie.com|natoque.penatibus@congueturpisIn.com||
128|338-9216 Lobortis Rd.|A6L 7K6|595-131-1342|235-681-4561|Duis@nequeNullam.edu|pretium.neque@elementumsem.edu||
129|P.O. Box 844, 6607 Class Rd.|Y7T 4A9|755-679-1313|444-581-1024|pharetra.nibh.Aliquam@risus.org|vitae@hendreritDonec.edu||
130|Ap #918-9285 Libero Street|X2U 1L1|587-498-4221|554-266-5279|ut.odio@necluctusfelis.ca|non.justo.Proin@Inscelerisque.edu||
131|5021 Adipiscing Street|X4B 2Q2|617-783-3012|650-238-7057|Quisque.imperdiet.erat@Maurismolestiepharetra.com|et.magnis@etultrices.com||
132|485-1146 Tincidunt Road|T5G 8S8|480-867-7255|128-585-9576|Phasellus.vitae.mauris@quam.com|rutrum.urna.nec@Suspendisseacmetus.edu||
133|P.O. Box 622, 9328 Ut St.|I7Y 8H9|114-963-5405|725-100-7823|non.feugiat.nec@vulputatenisisem.edu|venenatis@ipsumnonarcu.ca||
134|P.O. Box 399, 1831 Consectetuer St.|S7H 8G9|170-188-9118|408-424-3332|lobortis.mauris@fermentumconvallis.com|Cum.sociis@semvitae.ca||
135|Ap #651-2775 Mattis. St.|L2M 6C9|683-937-3699|257-592-0096|nisi@dis.ca|ac.nulla@ametdiam.ca||
136|Ap #732-8384 Tristique Av.|K2T 4D9|983-904-9002|627-694-0123|ullamcorper@commodo.edu|sed.facilisis@risusQuisquelibero.edu||
137|P.O. Box 203, 7906 Ante Av.|O8C 6A7|872-823-9569|678-629-4101|Nam@elit.edu|massa.non.ante@Cras.org||
138|338-1018 Nec, Street|O1H 3Z8|185-379-4815|943-139-3752|urna@eunulla.org|malesuada@egestas.edu||
139|P.O. Box 498, 7245 Et Road|L2O 6S4|105-408-0611|663-485-4263|Ut.semper@Nullamvelitdui.com|ultricies@dictum.edu||
140|138-1709 Id, Av.|X3X 1L5|779-523-7963|747-262-1346|erat@Maecenasiaculisaliquet.edu|eu.tellus@et.edu||
141|4634 Eleifend Road|C8R 1L0|787-940-0857|125-431-0470|non.enim.Mauris@utlacusNulla.edu|nec.malesuada.ut@egestasFuscealiquet.org||
142|571-7366 Convallis Av.|N8T 1P7|311-721-1020|214-316-0227|cubilia@amet.org|lobortis.tellus.justo@blanditNam.edu||
143|397-9167 Nulla St.|N1Q 8C8|951-121-3593|321-807-2894|sapien@ipsumdolorsit.ca|scelerisque@sedfacilisis.edu||
144|Ap #543-867 Vivamus Avenue|Q4M 5T7|785-768-6527|807-737-2396|mus.Donec@Sed.org|lacus.pede.sagittis@Pellentesque.org||
145|495-7784 Pellentesque St.|H4R 6E5|692-975-3617|431-100-1369|tincidunt.aliquam@semperNam.edu|enim.commodo.hendrerit@natoquepenatibuset.ca||
146|Ap #725-9472 Vitae Avenue|G3C 5B4|724-826-1865|906-272-0104|lobortis@ac.edu|ac.libero@lacinia.com||
147|Ap #257-4166 Ultrices. Rd.|U6U 4D7|589-309-3034|744-978-1528|lorem@nuncsedlibero.org|ut.cursus.luctus@Vestibulumante.com||
148|P.O. Box 277, 9605 Pharetra Ave|C3G 4U0|829-600-1383|288-860-4936|leo.Cras@erosnonenim.org|sit.amet.luctus@aliquetliberoInteger.org||
149|7940 Proin Street|B8B 4S3|562-422-7254|893-453-2379|a@ascelerisquesed.ca|Quisque.libero.lacus@felisullamcorperviverra.org||
150|P.O. Box 550, 2571 Nunc Av.|T1S 3N5|289-722-1913|914-813-7490|odio@pretiumet.org|justo@etrutrum.edu||
151|8773 Integer Av.|E1S 2G0|235-148-7988|394-867-4035|rhoncus@necante.org|aliquam.adipiscing.lacus@feliseget.com||
152|Ap #110-9551 Aenean Avenue|W7Z 7Q2|600-384-4204|454-124-4069|tincidunt.tempus.risus@nonummyacfeugiat.com|in.aliquet.lobortis@dui.com||
153|633-4262 Nunc St.|B8M 1H8|678-812-8728|118-495-7382|ad.litora@luctusvulputatenisi.org|pede.blandit.congue@non.edu||
154|Ap #716-4735 A Rd.|Z4Q 2F6|300-258-5300|699-287-1970|amet.dapibus@elitCurabitursed.com|dui.semper.et@sagittis.org||
155|Ap #825-3659 Quis St.|Q9L 7B0|602-574-4549|119-483-4681|Mauris.vestibulum.neque@vitaealiquameros.org|pellentesque.Sed@torquentperconubia.edu||
156|P.O. Box 374, 4656 Mollis. Avenue|T9L 2W4|488-212-8045|537-998-9100|tempor@et.edu|dui@atvelit.com||
157|P.O. Box 931, 7346 Et Rd.|F5K 6D8|188-978-0781|917-122-6456|pede@magnaLorem.edu|condimentum.eget.volutpat@sodalesnisi.com||
158|357-3890 Urna Rd.|D5U 9R7|248-464-8118|976-159-5049|tincidunt.Donec@cursus.ca|ridiculus.mus@pharetraQuisque.edu||
159|220-8309 Mus. Rd.|O6H 7N2|412-917-9574|392-136-6660|dolor@ipsum.edu|non.lacinia.at@Mauriseu.edu||
160|858-7312 Tellus Av.|Q7B 4C3|434-791-3515|625-791-1337|magna@risusa.edu|sed@Duis.org||
161|9783 Libero. Avenue|Y1A 5F5|140-842-9766|921-843-3690|nulla@sodalesMaurisblandit.com|lorem.luctus.ut@facilisisnon.com||
162|1858 Integer Rd.|I5G 1B8|130-874-2332|622-771-9254|semper@aliquetmolestie.com|velit.justo@necmetus.ca||
163|607-6619 Gravida Av.|Z8L 4C0|637-347-5028|153-522-1926|sit.amet.risus@tempor.org|nunc@sed.com||
164|Ap #819-4125 Ac St.|O9F 7T3|308-529-5463|987-500-5545|Proin.nisl.sem@vulputateullamcorper.com|Nulla.eget.metus@pharetraNamac.ca||
165|8296 Amet, St.|B8C 5K3|521-122-6872|695-735-7025|ornare@laoreet.ca|neque.pellentesque@vulputateposuerevulputate.edu||
166|551-5589 Maecenas Rd.|S2N 4K1|497-755-8708|137-974-8652|leo@velitinaliquet.org|lorem.eget@nibh.com||
167|103-9885 Mi Street|N8O 6S6|945-694-3564|541-180-1733|justo@elementumpurus.com|Quisque.imperdiet.erat@actellusSuspendisse.org||
168|883 Luctus. Road|Y5K 5E8|960-151-2246|300-349-0345|in.cursus.et@necurna.ca|dapibus.id@adipiscinglacus.org||
169|353-661 Orci Avenue|K3C 8Y3|996-487-7336|286-231-4487|nec.malesuada@eu.ca|tempus.mauris@nec.org||
170|Ap #162-5012 Vestibulum, St.|U3W 1X0|952-477-7641|846-883-8003|Donec@Curae;Donec.edu|arcu@arcu.ca||
171|444-6377 Molestie Street|C4V 5P6|924-853-9671|408-628-6578|aliquet.sem.ut@bibendum.com|turpis@iaculis.com||
172|Ap #428-6504 Duis Av.|T6W 5S2|567-844-3121|346-674-8587|Quisque.fringilla@senectus.org|venenatis.vel.faucibus@sapienmolestie.com||
173|5826 At Av.|K1Z 6G1|877-542-3001|561-630-1935|nibh.Donec.est@Maecenasiaculis.ca|ac.eleifend.vitae@convallisantelectus.org||
174|677-8951 Euismod Road|W3X 9K3|669-961-9966|110-804-6404|est.Mauris.eu@scelerisque.edu|ac.urna.Ut@Maecenas.com||
175|P.O. Box 492, 4373 Dui Rd.|O4Q 3A7|405-451-9567|984-285-2797|Lorem@fringilla.org|elit.Curabitur.sed@accumsan.edu||
176|P.O. Box 620, 7867 Ut Road|T7E 4L1|393-145-7430|456-136-4374|erat.neque.non@apurusDuis.com|vitae.aliquam.eros@Phasellusat.org||
177|Ap #185-4751 Sodales Road|R3L 1H8|599-864-1388|282-754-3701|elit@eget.org|Nulla.facilisis.Suspendisse@commodo.edu||
178|P.O. Box 953, 2811 Non, Road|J4C 2G3|959-593-2944|560-259-1401|turpis.vitae.purus@Nulla.ca|faucibus.leo@justo.ca||
179|393-1218 Magnis Rd.|R4F 2U7|888-470-8728|939-875-8341|facilisis.lorem.tristique@liberomauris.edu|quis@amet.edu||
180|P.O. Box 938, 5434 Risus. St.|A4O 3G4|623-381-6236|186-100-3333|semper.et@malesuada.edu|eu@vestibulumMauris.org||
181|4887 Cursus St.|T7D 9B7|194-194-4387|810-823-2999|Pellentesque@PraesentluctusCurabitur.org|urna.suscipit@atiaculis.com||
182|P.O. Box 785, 7350 A Rd.|G2N 1X3|291-534-3244|330-802-4648|ultrices@Quisquetincidunt.ca|sodales.Mauris.blandit@consectetueripsum.edu||
183|P.O. Box 922, 6138 Tincidunt. St.|K1Q 8M9|247-272-8101|961-743-1348|eleifend.nunc@odioAliquamvulputate.ca|vitae@ascelerisque.org||
184|P.O. Box 219, 4584 Morbi Street|J3Z 4L8|166-597-9364|845-666-9723|sit.amet.ornare@lectusquis.edu|ipsum.primis.in@Mauris.edu||
185|5020 Tincidunt Street|T3T 1Y1|946-513-4858|882-391-9931|congue.turpis.In@mienimcondimentum.org|dictum.magna.Ut@et.org||
186|1741 Tellus. Ave|D5Q 9B4|897-188-0722|691-958-4860|ultrices.a@blandit.com|Integer@cursus.edu||
187|2700 Ante, Avenue|U2B 6J2|234-182-5785|116-667-6796|et@tellusnon.ca|commodo.auctor@ametconsectetueradipiscing.edu||
188|725-2154 Per St.|Y7Z 8J0|196-773-4797|663-500-5017|luctus@Crassed.ca|blandit.enim@tempusrisusDonec.org||
189|577-507 Sagittis Street|V5Z 8I5|471-576-5837|481-222-8587|arcu.Morbi.sit@justo.org|elementum@loremeget.ca||
190|317-7611 Diam Street|W3D 3Z5|116-445-9228|547-152-6407|id.blandit.at@dis.ca|et.tristique.pellentesque@SeddictumProin.ca||
191|498 Faucibus St.|H6O 5U4|121-284-7345|195-673-4651|nulla@Integer.com|non.lacinia@facilisisSuspendissecommodo.com||
192|Ap #551-398 Nec, Avenue|Y8X 4H0|486-120-7727|428-764-6499|faucibus.id@utodio.edu|suscipit.nonummy@Etiam.org||
193|807-2043 Gravida. St.|V9G 1R6|344-991-3808|552-794-8790|arcu.eu.odio@urnaUttincidunt.ca|Cras.interdum@sapien.org||
194|P.O. Box 370, 8125 Tristique Avenue|K2X 5A4|121-979-6705|185-944-1009|ante.dictum.cursus@mi.edu|Ut.nec.urna@aliquam.edu||
195|706-1620 Sed St.|R8U 7J8|597-949-0480|718-978-0985|elementum@Donec.edu|eu.eros.Nam@leoinlobortis.com||
196|650-560 Mauris St.|N1H 4C9|588-379-2543|776-967-8226|dolor.dolor@adipiscing.com|dapibus.id.blandit@adipiscinglobortisrisus.org||
197|603-181 Lobortis Ave|M3T 9P4|723-402-7291|925-300-0267|vitae.aliquam.eros@a.com|Aenean.euismod.mauris@vitae.ca||
198|P.O. Box 941, 8963 Magna. Rd.|E6J 1S2|425-436-6035|265-547-6251|Aenean.eget.magna@Nunc.org|Phasellus@elit.ca||
199|P.O. Box 933, 1383 Lacus. Ave|O7Q 9I8|683-169-3110|835-667-6070|ut.dolor.dapibus@mattisvelitjusto.org|dis.parturient@convallis.edu||
200|2976 Ipsum. St.|M3N 7L5|571-138-7458|357-203-8178|magna@urnaVivamusmolestie.edu|montes@Suspendissecommodo.edu||

